{"schemaVersion":"1.0","appDefinitionTemplate":{"id":"/providers/Microsoft.PowerApps/apps/","type":"Microsoft.PowerApps/apps","tags":{"sp-site-id":"https://centurylink.sharepoint.com/sites/SPT-SSTeam","sp-list-id":"cc3fc98b-2d95-4a9b-a8ee-c286fdbcb598","https://centurylink.sharepoint.com/sites/SPT-SSTeam":"cc3fc98b-2d95-4a9b-a8ee-c286fdbcb598","primaryDeviceWidth":"640","primaryDeviceHeight":"1136","supportsPortrait":"true","supportsLandscape":"true","primaryFormFactor":"Phone","publisherVersion":"3.23062.17","minimumRequiredApiVersion":"2.2.0","hasComponent":"false","hasUnlockedComponent":"false","isUnifiedRootApp":"false","sienaVersion":"20230702T033835Z-3.23062.17.0"},"properties":{"appVersion":"2023-07-02T03:38:35Z","lifeCycleId":"Published","createdByClientVersion":{"major":3,"minor":23062,"build":17,"revision":0,"majorRevision":0,"minorRevision":0},"minClientVersion":{"major":3,"minor":23062,"build":17,"revision":0,"majorRevision":0,"minorRevision":0},"backgroundColor":"rgba(0, 18, 107, 1)","backgroundImageUri":"/14311426893561689233/N2ecd8c51-174c-4291-8766-ab4bac2396fc-logoSmallFile","displayName":"SST TASK TRACKER","description":"App to track the efforts of the team resources and Update shift Handovers.","commitMessage":"","appUris":{"documentUri":{"value":"/14311426893561689233/N25a93806-d85b-48b5-88eb-7cfb8a98ebe8-document.msapp"},"imageUris":[],"additionalUris":[]},"createdTime":"0001-01-01T00:00:00Z","lastModifiedTime":"0001-01-01T00:00:00Z","sharedGroupsCount":0,"sharedUsersCount":0,"connectionReferences":{"90723ba4-0247-41a4-82eb-60dc1ef19856":{"id":"17cd0ded-2d4b-474c-b7a8-a306911268f0","displayName":"SharePoint","iconUri":"https://connectoricons-prod.azureedge.net/u/shgogna/globalperconnector-train1/1.0.1639.3312/sharepointonline/icon.png","dataSources":["Task Tracker"],"dependencies":[],"dependents":[],"parameterHints":{},"parameterHintsV2":{},"isOnPremiseConnection":false,"bypassConsent":false,"dataSets":{"https://centurylink.sharepoint.com/sites/SPT-SSTeam":{"dataSources":{"Task Tracker":{"tableName":"cc3fc98b-2d95-4a9b-a8ee-c286fdbcb598"}}}},"apiTier":"Standard","isCustomApiConnection":false,"actions":["providers/PowerPlatform.Governance/Operations/Read"]},"b398fc97-8ab2-492c-950f-5424eb43c6e9":{"id":"17cd0ded-2d4b-474c-b7a8-a306911268f0","displayName":"SharePoint","iconUri":"https://connectoricons-prod.azureedge.net/u/shgogna/globalperconnector-train1/1.0.1639.3312/sharepointonline/icon.png","dataSources":["SHIFT HANDOFF"],"dependencies":[],"dependents":[],"parameterHints":{},"parameterHintsV2":{},"isOnPremiseConnection":false,"bypassConsent":false,"dataSets":{"https://centurylink.sharepoint.com/sites/SPT-SSTeam":{"dataSources":{"SHIFT HANDOFF":{"tableName":"be7cb706-dcc6-403a-9e66-8b12a6cc6cc4"}}}},"apiTier":"Standard","isCustomApiConnection":false,"actions":["providers/PowerPlatform.Governance/Operations/Read"]}},"databaseReferences":{},"almMode":"Environment","performanceOptimizationEnabled":true,"canConsumeAppPass":true,"enableModernRuntimeMode":false,"executionRestrictions":{"isTeamsOnly":false,"dataLossPreventionEvaluationResult":{"status":"Compliant","lastEvaluationDate":"2023-03-15T08:56:47.1824968Z","violations":[],"violationsByPolicy":[],"violationErrorMessage":"The app uses the following connectors: shared_sharepointonline."}}},"appType":"ClassicCanvasApp","appComponents":[]}}