{"schemaVersion":"1.0","appDefinitionTemplate":{"id":"/providers/Microsoft.PowerApps/apps/","type":"Microsoft.PowerApps/apps","tags":{"sp-site-id":"https://centurylink.sharepoint.com/sites/SPT-SSTeam","sp-list-id":"be7cb706-dcc6-403a-9e66-8b12a6cc6cc4","https://centurylink.sharepoint.com/sites/SPT-SSTeam":"be7cb706-dcc6-403a-9e66-8b12a6cc6cc4","primaryDeviceWidth":"640","primaryDeviceHeight":"1136","supportsPortrait":"true","supportsLandscape":"true","primaryFormFactor":"Phone","publisherVersion":"3.23062.17","minimumRequiredApiVersion":"2.2.0","hasComponent":"false","hasUnlockedComponent":"false","isUnifiedRootApp":"false","sienaVersion":"20230702T035816Z-3.23062.17.0"},"properties":{"appVersion":"2023-07-02T03:58:16Z","lifeCycleId":"Published","createdByClientVersion":{"major":3,"minor":23062,"build":17,"revision":0,"majorRevision":0,"minorRevision":0},"minClientVersion":{"major":3,"minor":23062,"build":17,"revision":0,"majorRevision":0,"minorRevision":0},"backgroundColor":"rgba(9, 33, 98, 1)","backgroundImageUri":"/4375034458332846433/N3825e384-16ff-4a77-9c48-7db8055e483b-logoSmallFile","displayName":"SHIFT HANDOFF","description":"Add shift handover notes","commitMessage":"","appUris":{"documentUri":{"value":"/4375034458332846433/N64dff372-6bb5-4c49-9bf9-195e0308e45c-document.msapp"},"imageUris":[],"additionalUris":[]},"createdTime":"0001-01-01T00:00:00Z","lastModifiedTime":"0001-01-01T00:00:00Z","sharedGroupsCount":0,"sharedUsersCount":0,"connectionReferences":{"7310ec72-2f0c-47c5-a125-740719312ea2":{"id":"17cd0ded-2d4b-474c-b7a8-a306911268f0","displayName":"SharePoint","iconUri":"https://connectoricons-prod.azureedge.net/u/shgogna/globalperconnector-train1/1.0.1639.3312/sharepointonline/icon.png","dataSources":["SHIFT HANDOFF"],"dependencies":[],"dependents":[],"parameterHints":{},"parameterHintsV2":{},"isOnPremiseConnection":false,"bypassConsent":false,"dataSets":{"https://centurylink.sharepoint.com/sites/SPT-SSTeam":{"dataSources":{"SHIFT HANDOFF":{"tableName":"be7cb706-dcc6-403a-9e66-8b12a6cc6cc4"}}}},"apiTier":"Standard","isCustomApiConnection":false,"actions":["providers/PowerPlatform.Governance/Operations/Read","providers/PowerPlatform.Governance/Operations/Write","providers/PowerPlatform.Governance/Operations/Delete"]}},"databaseReferences":{},"almMode":"Environment","performanceOptimizationEnabled":true,"canConsumeAppPass":true,"enableModernRuntimeMode":false,"executionRestrictions":{"isTeamsOnly":false,"dataLossPreventionEvaluationResult":{"status":"Compliant","lastEvaluationDate":"2023-07-01T06:30:06.8162502Z","violations":[],"violationsByPolicy":[],"violationErrorMessage":"The app uses the following connectors: shared_sharepointonline."}}},"appType":"ClassicCanvasApp","appComponents":[]}}